timeOfData,time
10/8/2020,0:00:45
10/8/2020,0:02:02
10/8/2020,0:09:00
10/8/2020,0:09:31
10/8/2020,0:09:43
10/8/2020,0:11:29
10/8/2020,0:11:59
10/8/2020,0:16:03
10/8/2020,0:16:34
10/8/2020,0:18:38
10/8/2020,0:19:21
10/8/2020,0:20:49
10/8/2020,0:27:17
10/8/2020,0:27:47
10/8/2020,0:28:51
10/8/2020,0:29:22
10/8/2020,0:30:53
10/8/2020,0:32:52
10/8/2020,0:30:23
10/8/2020,0:44:06
10/8/2020,0:58:32
10/8/2020,0:58:55
10/8/2020,0:59:35
10/8/2020,1:02:02
10/8/2020,1:09:43
10/8/2020,1:12:06
10/8/2020,1:12:10
10/8/2020,1:20:49
10/8/2020,1:21:57
10/8/2020,1:21:13
10/8/2020,1:22:09
10/8/2020,1:22:39
10/8/2020,1:22:54
10/8/2020,1:23:24
10/8/2020,1:30:03
10/8/2020,1:30:34
10/8/2020,1:44:14
10/8/2020,1:44:19
10/8/2020,1:58:57
10/8/2020,1:59:06
10/8/2020,1:59:35
10/8/2020,2:02:02
10/8/2020,2:12:12
10/8/2020,2:09:43
10/8/2020,2:12:51
10/8/2020,2:20:49
10/8/2020,2:40:25
10/8/2020,2:40:56
10/8/2020,2:44:34
10/8/2020,2:47:32
10/8/2020,2:47:02
10/8/2020,2:48:39
10/8/2020,2:49:09
10/8/2020,2:59:16
10/8/2020,2:59:21
10/8/2020,2:59:35
10/8/2020,3:02:02
10/8/2020,3:09:43
10/8/2020,3:12:23
10/8/2020,3:13:33
10/8/2020,3:19:12
10/8/2020,3:20:49
10/8/2020,3:22:04
10/8/2020,3:44:50
10/8/2020,3:59:25
10/8/2020,3:59:35
10/8/2020,4:02:02
10/8/2020,3:59:47
10/8/2020,4:09:43
10/8/2020,4:12:08
10/8/2020,4:12:31
10/8/2020,4:12:38
10/8/2020,4:14:17
10/8/2020,4:20:49
10/8/2020,4:24:36
10/8/2020,4:25:06
10/8/2020,4:45:09
10/8/2020,4:58:44
10/8/2020,4:59:35
10/8/2020,4:59:37
10/8/2020,5:00:11
10/8/2020,5:02:02
10/8/2020,5:09:43
10/8/2020,5:12:41
10/8/2020,5:15:01
10/8/2020,5:20:49
10/8/2020,5:45:28
10/8/2020,5:55:45
10/8/2020,5:56:15
10/8/2020,5:56:42
10/8/2020,5:57:13
10/8/2020,5:59:35
10/8/2020,5:59:47
10/8/2020,6:00:36
10/8/2020,6:02:02
10/8/2020,6:08:47
10/8/2020,6:08:48
10/8/2020,6:09:49
10/8/2020,6:12:51
10/8/2020,6:15:41
10/8/2020,6:19:33
10/8/2020,6:19:34
10/8/2020,6:20:12
10/8/2020,6:20:49
10/8/2020,6:22:06
10/8/2020,6:23:34
10/8/2020,6:28:49
10/8/2020,6:35:10
10/8/2020,6:35:09
10/8/2020,6:43:06
10/8/2020,6:44:02
10/8/2020,6:45:43
10/8/2020,6:44:03
10/8/2020,6:45:44
10/8/2020,6:45:45
10/8/2020,6:52:23
10/8/2020,6:55:27
10/8/2020,6:55:57
10/8/2020,6:57:27
10/8/2020,6:59:35
10/8/2020,6:59:57
10/8/2020,7:01:00
10/8/2020,7:02:02
10/8/2020,7:04:56
10/8/2020,7:04:57
10/8/2020,7:06:06
10/8/2020,7:05:53
10/8/2020,7:06:07
10/8/2020,7:06:24
10/8/2020,7:07:01
10/8/2020,7:07:42
10/8/2020,7:07:43
10/8/2020,7:10:11
10/8/2020,7:10:42
10/8/2020,7:11:57
10/8/2020,7:12:11
10/8/2020,7:10:58
10/8/2020,7:12:27
10/8/2020,7:13:10
10/8/2020,7:13:20
10/8/2020,7:13:40
10/8/2020,7:13:31
10/8/2020,7:13:01
10/8/2020,7:14:23
10/8/2020,7:15:07
10/8/2020,7:14:46
10/8/2020,7:15:56
10/8/2020,7:15:11
10/8/2020,7:15:59
10/8/2020,7:16:35
10/8/2020,7:17:08
10/8/2020,7:20:49
10/8/2020,7:21:20
10/8/2020,7:21:21
10/8/2020,7:26:09
10/8/2020,7:37:04
10/8/2020,7:37:35
10/8/2020,7:40:05
10/8/2020,7:44:37
10/8/2020,7:45:00
10/8/2020,7:45:07
10/8/2020,7:46:01
10/8/2020,7:50:13
10/8/2020,7:50:44
10/8/2020,7:51:22
10/8/2020,7:52:02
10/8/2020,7:51:52
10/8/2020,7:52:52
10/8/2020,7:52:57
10/8/2020,7:55:53
10/8/2020,7:55:59
10/8/2020,7:56:02
10/8/2020,7:56:41
10/8/2020,7:56:53
10/8/2020,7:57:04
10/8/2020,7:57:24
10/8/2020,7:57:52
10/8/2020,7:58:24
10/8/2020,7:57:34
10/8/2020,7:59:23
10/8/2020,7:59:35
10/8/2020,8:02:02
10/8/2020,8:01:25
10/8/2020,8:00:10
10/8/2020,8:05:03
10/8/2020,8:05:22
10/8/2020,8:05:42
10/8/2020,8:06:23
10/8/2020,8:07:58
10/8/2020,8:08:12
10/8/2020,8:09:05
10/8/2020,8:09:07
10/8/2020,8:10:33
10/8/2020,8:10:53
10/8/2020,8:11:28
10/8/2020,8:12:27
10/8/2020,8:11:24
10/8/2020,8:13:47
10/8/2020,8:13:08
10/8/2020,8:13:17
10/8/2020,8:13:48
10/8/2020,8:14:20
10/8/2020,8:15:20
10/8/2020,8:15:52
10/8/2020,8:15:59
10/8/2020,8:16:47
10/8/2020,8:16:30
10/8/2020,8:18:19
10/8/2020,8:19:19
10/8/2020,8:20:09
10/8/2020,8:20:10
10/8/2020,8:20:41
10/8/2020,8:20:49
10/8/2020,8:21:29
10/8/2020,8:21:59
10/8/2020,8:22:10
10/8/2020,8:21:21
10/8/2020,8:22:50
10/8/2020,8:22:53
10/8/2020,8:23:24
10/8/2020,8:24:10
10/8/2020,8:24:57
10/8/2020,8:25:55
10/8/2020,8:27:26
10/8/2020,8:26:17
10/8/2020,8:27:31
10/8/2020,8:25:24
10/8/2020,8:28:22
10/8/2020,8:29:39
10/8/2020,8:30:22
10/8/2020,8:31:25
10/8/2020,8:31:55
10/8/2020,8:33:15
10/8/2020,8:33:46
10/8/2020,8:36:00
10/8/2020,8:37:02
10/8/2020,8:36:51
10/8/2020,8:37:52
10/8/2020,8:37:31
10/8/2020,8:38:41
10/8/2020,8:38:58
10/8/2020,8:39:43
10/8/2020,8:42:15
10/8/2020,8:40:30
10/8/2020,8:42:44
10/8/2020,8:43:15
10/8/2020,8:44:23
10/8/2020,8:45:29
10/8/2020,8:46:18
10/8/2020,8:47:24
10/8/2020,8:46:53
10/8/2020,8:48:35
10/8/2020,8:49:06
10/8/2020,8:51:42
10/8/2020,8:55:06
10/8/2020,8:55:40
10/8/2020,8:56:32
10/8/2020,8:56:42
10/8/2020,8:57:02
10/8/2020,8:57:50
10/8/2020,8:58:04
10/8/2020,8:58:26
10/8/2020,8:58:43
10/8/2020,8:58:49
10/8/2020,8:59:09
10/8/2020,8:59:48
10/8/2020,8:59:54
10/8/2020,8:59:35
10/8/2020,9:00:19
10/8/2020,9:00:21
10/8/2020,9:00:27
10/8/2020,9:00:46
10/8/2020,9:01:11
10/8/2020,9:01:12
10/8/2020,9:01:13
10/8/2020,9:01:10
10/8/2020,9:00:25
10/8/2020,9:01:07
10/8/2020,9:01:14
10/8/2020,9:01:16
10/8/2020,9:01:17
10/8/2020,9:01:36
10/8/2020,9:01:49
10/8/2020,9:02:02
10/8/2020,9:05:37
10/8/2020,9:05:53
10/8/2020,9:06:03
10/8/2020,9:06:07
10/8/2020,9:06:24
10/8/2020,9:07:18
10/8/2020,9:08:52
10/8/2020,9:08:59
10/8/2020,9:08:22
10/8/2020,9:09:08
10/8/2020,9:10:31
10/8/2020,9:11:06
10/8/2020,9:09:29
10/8/2020,9:16:04
10/8/2020,9:20:49
10/8/2020,9:25:11
10/8/2020,9:26:16
10/8/2020,9:25:58
10/8/2020,9:26:17
10/8/2020,9:25:41
10/8/2020,9:26:18
10/8/2020,9:26:19
10/8/2020,9:26:35
10/8/2020,9:26:29
10/8/2020,9:30:01
10/8/2020,9:42:06
10/8/2020,9:42:07
10/8/2020,9:43:25
10/8/2020,9:46:34
10/8/2020,9:53:35
10/8/2020,9:54:00
10/8/2020,9:54:01
10/8/2020,9:54:06
10/8/2020,9:54:13
10/8/2020,9:54:44
10/8/2020,9:54:49
10/8/2020,9:54:50
10/8/2020,9:56:28
10/8/2020,9:56:36
10/8/2020,9:57:15
10/8/2020,9:57:29
10/8/2020,9:57:53
10/8/2020,9:57:54
10/8/2020,9:58:07
10/8/2020,9:58:14
10/8/2020,9:58:08
10/8/2020,9:58:21
10/8/2020,9:58:22
10/8/2020,9:58:28
10/8/2020,9:58:36
10/8/2020,9:59:10
10/8/2020,9:59:11
10/8/2020,9:59:33
10/8/2020,9:59:35
10/8/2020,9:59:46
10/8/2020,9:59:53
10/8/2020,9:59:45
10/8/2020,10:00:04
10/8/2020,10:00:13
10/8/2020,10:00:14
10/8/2020,10:00:32
10/8/2020,10:01:23
10/8/2020,10:01:10
10/8/2020,10:01:09
10/8/2020,10:01:52
10/8/2020,10:02:06
10/8/2020,10:02:02
10/8/2020,10:01:51
10/8/2020,10:02:05
10/8/2020,10:02:54
10/8/2020,10:02:20
10/8/2020,10:03:08
10/8/2020,10:02:14
10/8/2020,10:02:55
10/8/2020,10:06:30
10/8/2020,10:07:41
10/8/2020,10:08:36
10/8/2020,10:08:37
10/8/2020,10:06:31
10/8/2020,10:07:40
10/8/2020,10:08:50
10/8/2020,10:08:43
10/8/2020,10:08:51
10/8/2020,10:09:11
10/8/2020,10:09:32
10/8/2020,10:09:12
10/8/2020,10:10:08
10/8/2020,10:10:07
10/8/2020,10:10:35
10/8/2020,10:09:33
10/8/2020,10:10:36
10/8/2020,10:11:52
10/8/2020,10:10:57
10/8/2020,10:11:53
10/8/2020,10:10:56
10/8/2020,10:12:07
10/8/2020,10:12:06
10/8/2020,10:13:23
10/8/2020,10:13:24
10/8/2020,10:13:45
10/8/2020,10:13:44
10/8/2020,10:16:20
10/8/2020,10:16:37
10/8/2020,10:16:38
10/8/2020,10:16:51
10/8/2020,10:17:10
10/8/2020,10:17:41
10/8/2020,10:17:53
10/8/2020,10:20:18
10/8/2020,10:20:24
10/8/2020,10:20:49
10/8/2020,10:21:06
10/8/2020,10:22:13
10/8/2020,10:31:42
10/8/2020,10:46:53
10/8/2020,10:59:35
10/8/2020,11:00:23
10/8/2020,11:00:40
10/8/2020,11:02:02
10/8/2020,11:02:41
10/8/2020,11:08:47
10/8/2020,11:08:48
10/8/2020,11:12:49
10/8/2020,11:13:01
10/8/2020,11:12:51
10/8/2020,11:13:22
10/8/2020,11:13:32
10/8/2020,11:13:07
10/8/2020,11:14:06
10/8/2020,11:14:07
10/8/2020,11:15:10
10/8/2020,11:15:15
10/8/2020,11:17:15
10/8/2020,11:17:25
10/8/2020,11:17:41
10/8/2020,11:17:52
10/8/2020,11:17:57
10/8/2020,11:18:46
10/8/2020,11:18:01
10/8/2020,11:19:04
10/8/2020,11:19:11
10/8/2020,11:21:55
10/8/2020,11:22:24
10/8/2020,11:21:50
10/8/2020,11:20:10
10/8/2020,11:22:42
10/8/2020,11:20:49
10/8/2020,11:19:53
10/8/2020,11:22:27
10/8/2020,11:24:35
10/8/2020,11:28:03
10/8/2020,11:24:48
10/8/2020,11:28:10
10/8/2020,11:28:23
10/8/2020,11:30:08
10/8/2020,11:30:09
10/8/2020,11:31:43
10/8/2020,11:32:14
10/8/2020,11:32:18
10/8/2020,11:32:24
10/8/2020,11:32:38
10/8/2020,11:32:39
10/8/2020,11:36:32
10/8/2020,11:46:15
10/8/2020,11:45:55
10/8/2020,11:46:33
10/8/2020,11:46:38
10/8/2020,11:46:20
10/8/2020,11:47:28
10/8/2020,11:46:58
10/8/2020,11:47:10
10/8/2020,11:47:12
10/8/2020,11:49:13
10/8/2020,11:51:54
10/8/2020,11:53:24
10/8/2020,11:55:47
10/8/2020,11:56:55
10/8/2020,11:57:23
10/8/2020,11:57:49
10/8/2020,11:58:45
10/8/2020,11:59:12
10/8/2020,11:59:17
10/8/2020,11:59:35
10/8/2020,11:59:54
10/8/2020,11:59:18
10/8/2020,11:59:55
10/8/2020,12:00:13
10/8/2020,12:00:05
10/8/2020,12:00:17
10/8/2020,12:00:26
10/8/2020,12:00:27
10/8/2020,12:00:42
10/8/2020,12:00:49
10/8/2020,12:01:32
10/8/2020,12:00:50
10/8/2020,12:02:02
10/8/2020,12:01:36
10/8/2020,12:03:07
10/8/2020,12:05:40
10/8/2020,12:07:23
10/8/2020,12:05:57
10/8/2020,12:05:15
10/8/2020,12:07:46
10/8/2020,12:08:23
10/8/2020,12:07:54
10/8/2020,12:08:47
10/8/2020,12:07:23
10/8/2020,12:08:44
10/8/2020,12:08:43
10/8/2020,12:08:46
10/8/2020,12:08:46
10/8/2020,12:08:49
10/8/2020,12:08:57
10/8/2020,12:10:41
10/8/2020,12:13:29
10/8/2020,12:10:51
10/8/2020,12:18:08
10/8/2020,12:20:39
10/8/2020,12:20:40
10/8/2020,12:20:47
10/8/2020,12:20:41
10/8/2020,12:20:48
10/8/2020,12:20:49
10/8/2020,12:20:50
10/8/2020,12:21:06
10/8/2020,12:23:04
10/8/2020,12:27:06
10/8/2020,12:27:45
10/8/2020,12:28:14
10/8/2020,12:28:20
10/8/2020,12:28:26
10/8/2020,12:28:30
10/8/2020,12:28:57
10/8/2020,12:29:06
10/8/2020,12:29:10
10/8/2020,12:29:41
10/8/2020,12:30:15
10/8/2020,12:30:55
10/8/2020,12:31:12
10/8/2020,12:32:02
10/8/2020,12:32:21
10/8/2020,12:33:33
10/8/2020,12:33:42
10/8/2020,12:33:50
10/8/2020,12:33:55
10/8/2020,12:34:17
10/8/2020,12:35:39
10/8/2020,12:36:10
10/8/2020,12:35:40
10/8/2020,12:42:10
10/8/2020,12:42:11
10/8/2020,12:42:14
10/8/2020,12:42:23
10/8/2020,12:42:33
10/8/2020,12:42:37
10/8/2020,12:42:38
10/8/2020,12:47:30
10/8/2020,12:53:13
10/8/2020,12:53:43
10/8/2020,12:53:16
10/8/2020,12:54:21
10/8/2020,12:54:25
10/8/2020,12:54:32
10/8/2020,12:54:49
10/8/2020,12:55:04
10/8/2020,12:55:00
10/8/2020,12:55:45
10/8/2020,12:55:35
10/8/2020,12:55:59
10/8/2020,12:56:00
10/8/2020,12:55:02
10/8/2020,12:55:48
10/8/2020,12:56:14
10/8/2020,12:56:04
10/8/2020,12:56:31
10/8/2020,12:56:18
10/8/2020,12:56:15
10/8/2020,12:56:35
10/8/2020,12:56:35
10/8/2020,12:57:42
10/8/2020,12:58:57
10/8/2020,12:57:05
10/8/2020,12:58:13
10/8/2020,12:56:40
10/8/2020,12:59:03
10/8/2020,12:59:35
10/8/2020,12:59:46
10/8/2020,13:00:15
10/8/2020,12:59:32
10/8/2020,13:00:27
10/8/2020,13:00:42
10/8/2020,13:01:04
10/8/2020,13:01:32
10/8/2020,13:00:35
10/8/2020,13:02:02
10/8/2020,13:02:02
10/8/2020,13:02:12
10/8/2020,13:02:08
10/8/2020,13:01:15
10/8/2020,13:04:01
10/8/2020,13:02:19
10/8/2020,13:05:30
10/8/2020,13:04:10
10/8/2020,13:06:14
10/8/2020,13:05:51
10/8/2020,13:06:43
10/8/2020,13:06:10
10/8/2020,13:07:32
10/8/2020,13:07:28
10/8/2020,13:07:58
10/8/2020,13:08:37
10/8/2020,13:09:00
10/8/2020,13:09:12
10/8/2020,13:10:12
10/8/2020,13:10:57
10/8/2020,13:13:34
10/8/2020,13:11:11
10/8/2020,13:13:39
10/8/2020,13:10:15
10/8/2020,13:15:17
10/8/2020,13:15:34
10/8/2020,13:15:59
10/8/2020,13:15:38
10/8/2020,13:17:07
10/8/2020,13:17:22
10/8/2020,13:20:49
10/8/2020,13:21:06
10/8/2020,13:24:53
10/8/2020,13:25:13
10/8/2020,13:27:29
10/8/2020,13:34:57
10/8/2020,13:35:50
10/8/2020,13:35:52
10/8/2020,13:37:45
10/8/2020,13:47:48
10/8/2020,13:56:23
10/8/2020,13:59:35
10/8/2020,14:02:02
10/8/2020,14:04:03
10/8/2020,14:04:19
10/8/2020,14:04:34
10/8/2020,14:05:03
10/8/2020,14:06:25
10/8/2020,14:07:19
10/8/2020,14:08:46
10/8/2020,14:07:55
10/8/2020,14:09:41
10/8/2020,14:10:12
10/8/2020,14:11:10
10/8/2020,14:14:37
10/8/2020,14:15:07
10/8/2020,14:16:51
10/8/2020,14:17:12
10/8/2020,14:18:17
10/8/2020,14:18:03
10/8/2020,14:18:56
10/8/2020,14:16:20
10/8/2020,14:18:47
10/8/2020,14:19:02
10/8/2020,14:19:26
10/8/2020,14:19:42
10/8/2020,14:19:57
10/8/2020,14:20:58
10/8/2020,14:20:34
10/8/2020,14:21:15
10/8/2020,14:20:12
10/8/2020,14:20:49
10/8/2020,14:21:46
10/8/2020,14:22:26
10/8/2020,14:23:03
10/8/2020,14:23:44
10/8/2020,14:21:28
10/8/2020,14:26:22
10/8/2020,14:27:27
10/8/2020,14:27:27
10/8/2020,14:27:58
10/8/2020,14:27:54
10/8/2020,14:29:50
10/8/2020,14:29:51
10/8/2020,14:29:50
10/8/2020,14:29:52
10/8/2020,14:29:53
10/8/2020,14:30:21
10/8/2020,14:29:54
10/8/2020,14:30:23
10/8/2020,14:30:20
10/8/2020,14:30:08
10/8/2020,14:30:23
10/8/2020,14:30:26
10/8/2020,14:32:23
10/8/2020,14:32:33
10/8/2020,14:32:45
10/8/2020,14:32:54
10/8/2020,14:32:49
10/8/2020,14:37:12
10/8/2020,14:37:53
10/8/2020,14:45:41
10/8/2020,14:46:50
10/8/2020,14:47:02
10/8/2020,14:47:10
10/8/2020,14:47:33
10/8/2020,14:48:06
10/8/2020,14:48:46
10/8/2020,14:49:01
10/8/2020,14:49:12
10/8/2020,14:49:27
10/8/2020,14:49:29
10/8/2020,14:50:04
10/8/2020,14:50:20
10/8/2020,14:50:58
10/8/2020,14:51:18
10/8/2020,14:53:30
10/8/2020,14:49:34
10/8/2020,14:51:00
10/8/2020,14:52:59
10/8/2020,14:52:13
10/8/2020,14:52:54
10/8/2020,14:54:21
10/8/2020,14:55:31
10/8/2020,14:56:10
10/8/2020,14:56:32
10/8/2020,14:56:13
10/8/2020,14:56:59
10/8/2020,14:55:53
10/8/2020,14:59:35
10/8/2020,14:59:44
10/8/2020,15:00:15
10/8/2020,15:00:49
10/8/2020,15:01:20
10/8/2020,15:01:38
10/8/2020,15:01:42
10/8/2020,15:02:02
10/8/2020,15:02:04
10/8/2020,15:03:46
10/8/2020,15:03:46
10/8/2020,15:04:17
10/8/2020,15:10:23
10/8/2020,15:15:14
10/8/2020,15:16:58
10/8/2020,15:17:09
10/8/2020,15:17:43
10/8/2020,15:17:16
10/8/2020,15:20:27
10/8/2020,15:20:49
10/8/2020,15:20:52
10/8/2020,15:21:00
10/8/2020,15:22:47
10/8/2020,15:25:39
10/8/2020,15:25:40
10/8/2020,15:25:44
10/8/2020,15:25:48
10/8/2020,15:25:56
10/8/2020,15:26:06
10/8/2020,15:27:05
10/8/2020,15:27:03
10/8/2020,15:27:10
10/8/2020,15:27:12
10/8/2020,15:27:13
10/8/2020,15:27:14
10/8/2020,15:27:29
10/8/2020,15:28:17
10/8/2020,15:30:49
10/8/2020,15:30:52
10/8/2020,15:31:41
10/8/2020,15:31:19
10/8/2020,15:32:43
10/8/2020,15:33:23
10/8/2020,15:35:16
10/8/2020,15:35:19
10/8/2020,15:35:46
10/8/2020,15:36:34
10/8/2020,15:36:50
10/8/2020,15:36:55
10/8/2020,15:37:22
10/8/2020,15:37:55
10/8/2020,15:46:31
10/8/2020,15:46:36
10/8/2020,15:48:25
10/8/2020,15:47:01
10/8/2020,15:51:30
10/8/2020,15:51:35
10/8/2020,15:51:45
10/8/2020,15:52:00
10/8/2020,15:52:38
10/8/2020,15:56:41
10/8/2020,15:59:34
10/8/2020,15:59:58
10/8/2020,15:59:35
10/8/2020,15:59:43
10/8/2020,16:00:00
10/8/2020,15:59:38
10/8/2020,16:02:02
10/8/2020,16:03:01
10/8/2020,16:03:03
10/8/2020,16:00:02
10/8/2020,16:11:01
10/8/2020,16:11:11
10/8/2020,16:20:49
10/8/2020,16:21:19
10/8/2020,16:21:24
10/8/2020,16:22:38
10/8/2020,16:21:50
10/8/2020,16:27:27
10/8/2020,16:28:06
10/8/2020,16:28:17
10/8/2020,16:28:40
10/8/2020,16:30:01
10/8/2020,16:41:16
10/8/2020,16:40:06
10/8/2020,16:41:29
10/8/2020,16:42:14
10/8/2020,16:41:14
10/8/2020,16:45:01
10/8/2020,16:45:36
10/8/2020,16:47:19
10/8/2020,16:47:24
10/8/2020,16:47:50
10/8/2020,16:48:03
10/8/2020,16:48:46
10/8/2020,16:48:25
10/8/2020,16:49:28
10/8/2020,16:49:38
10/8/2020,16:50:31
10/8/2020,16:50:36
10/8/2020,16:50:36
10/8/2020,16:50:40
10/8/2020,16:50:37
10/8/2020,16:51:56
10/8/2020,16:50:33
10/8/2020,16:51:16
10/8/2020,16:52:13
10/8/2020,16:52:44
10/8/2020,16:52:19
10/8/2020,16:53:28
10/8/2020,16:56:51
10/8/2020,16:59:36
10/8/2020,17:02:02
10/8/2020,17:11:40
10/8/2020,17:20:49
10/8/2020,17:28:59
10/8/2020,17:30:16
10/8/2020,17:30:17
10/8/2020,17:35:06
10/8/2020,17:35:37
10/8/2020,17:35:13
10/8/2020,17:35:53
10/8/2020,17:35:56
10/8/2020,17:36:39
10/8/2020,17:37:19
10/8/2020,17:36:59
10/8/2020,17:37:21
10/8/2020,17:36:28
10/8/2020,17:36:37
10/8/2020,17:37:52
10/8/2020,17:38:01
10/8/2020,17:39:15
10/8/2020,17:39:22
10/8/2020,17:41:14
10/8/2020,17:41:35
10/8/2020,17:41:45
10/8/2020,17:49:05
10/8/2020,17:49:37
10/8/2020,17:50:36
10/8/2020,17:50:44
10/8/2020,17:57:02
10/8/2020,17:59:36
10/8/2020,18:02:02
10/8/2020,18:02:50
10/8/2020,18:12:20
10/8/2020,18:20:49
10/8/2020,18:29:20
10/8/2020,18:30:17
10/8/2020,18:35:53
10/8/2020,18:35:54
10/8/2020,18:35:56
10/8/2020,18:35:55
10/8/2020,18:36:00
10/8/2020,18:36:01
10/8/2020,18:36:02
10/8/2020,18:36:07
10/8/2020,18:43:28
10/8/2020,18:43:42
10/8/2020,18:43:31
10/8/2020,18:43:41
10/8/2020,18:43:43
10/8/2020,18:43:29
10/8/2020,18:43:44
10/8/2020,18:43:47
10/8/2020,18:43:45
10/8/2020,18:44:07
10/8/2020,18:47:58
10/8/2020,18:49:18
10/8/2020,18:49:26
10/8/2020,18:50:58
10/8/2020,18:50:53
10/8/2020,18:52:43
10/8/2020,18:53:14
10/8/2020,18:51:47
10/8/2020,18:53:15
10/8/2020,18:57:13
10/8/2020,18:57:17
10/8/2020,18:57:18
10/8/2020,18:57:26
10/8/2020,18:58:22
10/8/2020,18:57:29
10/8/2020,18:58:40
10/8/2020,18:57:19
10/8/2020,18:59:09
10/8/2020,18:59:36
10/8/2020,19:00:28
10/8/2020,19:01:50
10/8/2020,19:02:10
10/8/2020,19:02:44
10/8/2020,19:02:02
10/8/2020,19:03:11
10/8/2020,19:13:00
10/8/2020,19:21:05
10/8/2020,19:22:45
10/8/2020,19:22:43
10/8/2020,19:23:21
10/8/2020,19:23:23
10/8/2020,19:24:30
10/8/2020,19:24:31
10/8/2020,19:26:14
10/8/2020,19:24:39
10/8/2020,19:24:40
10/8/2020,19:26:19
10/8/2020,19:29:39
10/8/2020,19:37:34
10/8/2020,19:40:06
10/8/2020,19:40:08
10/8/2020,19:37:35
10/8/2020,19:40:09
10/8/2020,19:40:11
10/8/2020,19:40:12
10/8/2020,19:45:33
10/8/2020,19:49:46
10/8/2020,19:40:13
10/8/2020,19:57:21
10/8/2020,19:51:00
10/8/2020,19:59:10
10/8/2020,19:59:12
10/8/2020,19:59:36
10/8/2020,20:00:35
10/8/2020,20:00:38
10/8/2020,20:02:02
10/8/2020,20:13:41
10/8/2020,20:16:49
10/8/2020,20:16:50
10/8/2020,20:16:55
10/8/2020,20:16:56
10/8/2020,20:20:49
10/8/2020,20:21:23
10/8/2020,20:30:00
10/8/2020,20:32:45
10/8/2020,20:50:06
10/8/2020,20:51:09
10/8/2020,20:57:30
10/8/2020,20:59:36
10/8/2020,21:01:16
10/8/2020,21:01:17
10/8/2020,21:01:34
10/8/2020,21:01:35
10/8/2020,21:02:02
10/8/2020,21:02:44
10/8/2020,21:02:44
10/8/2020,21:02:44
10/8/2020,21:14:20
10/8/2020,21:20:49
10/8/2020,21:30:20
10/8/2020,21:32:55
10/8/2020,21:43:33
10/8/2020,21:43:34
10/8/2020,21:44:50
10/8/2020,21:44:52
10/8/2020,21:44:59
10/8/2020,21:44:53
10/8/2020,21:45:00
10/8/2020,21:45:07
10/8/2020,21:45:30
10/8/2020,21:45:39
10/8/2020,21:45:59
10/8/2020,21:46:00
10/8/2020,21:46:20
10/8/2020,21:46:22
10/8/2020,21:46:25
10/8/2020,21:46:26
10/8/2020,21:46:27
10/8/2020,21:46:37
10/8/2020,21:46:39
10/8/2020,21:46:38
10/8/2020,21:46:40
10/8/2020,21:46:45
10/8/2020,21:47:04
10/8/2020,21:47:14
10/8/2020,21:47:52
10/8/2020,21:47:21
10/8/2020,21:47:16
10/8/2020,21:49:21
10/8/2020,21:49:48
10/8/2020,21:50:29
10/8/2020,21:51:22
10/8/2020,21:51:36
10/8/2020,21:51:58
10/8/2020,21:53:54
10/8/2020,21:54:12
10/8/2020,21:54:43
10/8/2020,21:56:14
10/8/2020,21:57:37
10/8/2020,21:57:57
10/8/2020,21:58:17
10/8/2020,21:59:24
10/8/2020,21:59:32
10/8/2020,21:59:36
10/8/2020,22:01:18
10/8/2020,22:02:02
10/8/2020,22:08:39
10/8/2020,22:08:40
10/8/2020,22:14:59
10/8/2020,22:17:15
10/8/2020,22:17:46
10/8/2020,22:19:29
10/8/2020,22:20:00
10/8/2020,22:20:49
10/8/2020,22:29:48
10/8/2020,22:30:41
10/8/2020,22:29:17
10/8/2020,22:31:15
10/8/2020,22:32:12
10/8/2020,22:31:45
10/8/2020,22:32:42
10/8/2020,22:32:44
10/8/2020,22:33:15
10/8/2020,22:33:24
10/8/2020,22:33:54
10/8/2020,22:34:50
10/8/2020,22:39:56
10/8/2020,22:40:26
10/8/2020,22:50:52
10/8/2020,22:51:30
10/8/2020,22:57:17
10/8/2020,22:57:45
10/8/2020,22:57:47
10/8/2020,22:59:36
10/8/2020,23:00:01
10/8/2020,23:02:02
10/8/2020,23:04:22
10/8/2020,23:04:52
10/8/2020,23:08:40
10/8/2020,23:15:40
10/8/2020,23:16:33
10/8/2020,23:20:49
10/8/2020,23:26:05
10/8/2020,23:26:36
10/8/2020,23:28:35
10/8/2020,23:28:36
10/8/2020,23:31:06
10/8/2020,23:31:26
10/8/2020,23:31:56
10/8/2020,23:41:25
10/8/2020,23:45:23
10/8/2020,23:45:53
10/8/2020,23:51:16
10/8/2020,23:51:39
10/8/2020,23:55:41
10/8/2020,23:57:56
10/8/2020,23:59:36
11/8/2020,0:02:02
11/8/2020,0:10:18
11/8/2020,0:10:58
11/8/2020,0:16:22
11/8/2020,0:20:49
11/8/2020,0:28:36
11/8/2020,0:31:29
11/8/2020,0:38:37
11/8/2020,0:38:38
11/8/2020,0:39:51
11/8/2020,0:40:22
11/8/2020,0:51:39
11/8/2020,0:51:52
11/8/2020,0:58:05
11/8/2020,0:58:14
11/8/2020,0:58:15
11/8/2020,0:59:36
11/8/2020,1:02:02
11/8/2020,1:03:24
11/8/2020,1:03:26
11/8/2020,1:11:41
11/8/2020,1:17:04
11/8/2020,1:20:49
11/8/2020,1:31:49
11/8/2020,1:52:00
11/8/2020,1:52:00
11/8/2020,1:58:16
11/8/2020,1:59:36
11/8/2020,2:02:02
11/8/2020,2:03:26
11/8/2020,2:17:48
11/8/2020,2:20:49
11/8/2020,2:26:00
11/8/2020,2:26:01
11/8/2020,2:32:12
11/8/2020,2:52:07
11/8/2020,2:52:23
11/8/2020,2:52:48
11/8/2020,2:58:29
11/8/2020,2:59:36
11/8/2020,3:02:02
11/8/2020,3:05:29
11/8/2020,3:18:32
11/8/2020,3:20:49
11/8/2020,3:26:01
11/8/2020,3:29:43
11/8/2020,3:30:13
11/8/2020,3:32:36
11/8/2020,3:41:00
11/8/2020,3:41:30
11/8/2020,3:52:17
11/8/2020,3:52:46
11/8/2020,3:58:38
11/8/2020,3:59:36
11/8/2020,4:02:02
11/8/2020,4:19:15
11/8/2020,4:20:49
11/8/2020,4:26:01
11/8/2020,4:33:00
11/8/2020,4:52:26
11/8/2020,4:53:06
11/8/2020,4:55:37
11/8/2020,4:56:16
11/8/2020,4:56:28
11/8/2020,4:56:29
11/8/2020,4:57:46
11/8/2020,4:58:49
11/8/2020,4:58:53
11/8/2020,4:58:53
11/8/2020,4:59:23
11/8/2020,4:59:36
11/8/2020,4:59:57
11/8/2020,5:00:07
11/8/2020,5:00:28
11/8/2020,5:00:45
11/8/2020,5:00:58
11/8/2020,5:01:34
11/8/2020,5:02:02
11/8/2020,5:20:00
11/8/2020,5:20:49
11/8/2020,5:33:25
11/8/2020,5:51:29
11/8/2020,5:53:29
11/8/2020,5:52:37
11/8/2020,5:52:00
11/8/2020,5:56:29
11/8/2020,5:59:00
11/8/2020,5:59:36
11/8/2020,6:02:02
11/8/2020,6:06:50
11/8/2020,6:06:51
11/8/2020,6:16:01
11/8/2020,6:20:26
11/8/2020,6:20:49
11/8/2020,6:22:37
11/8/2020,6:24:17
11/8/2020,6:27:18
11/8/2020,6:31:27
11/8/2020,6:31:29
11/8/2020,6:33:50
11/8/2020,6:38:32
11/8/2020,6:43:18
11/8/2020,6:46:32
11/8/2020,6:47:29
11/8/2020,6:48:06
11/8/2020,6:52:50
11/8/2020,6:53:51
11/8/2020,6:55:11
11/8/2020,6:55:42
11/8/2020,6:56:48
11/8/2020,6:55:41
11/8/2020,6:55:12
11/8/2020,6:56:58
11/8/2020,6:56:17
11/8/2020,6:59:09
11/8/2020,6:59:36
11/8/2020,7:02:02
11/8/2020,7:03:56
11/8/2020,7:05:51
11/8/2020,7:08:16
11/8/2020,7:08:38
11/8/2020,7:09:17
11/8/2020,7:10:48
11/8/2020,7:20:49
11/8/2020,7:27:40
11/8/2020,7:29:15
11/8/2020,7:30:53
11/8/2020,7:34:03
11/8/2020,7:34:02
11/8/2020,7:34:34
11/8/2020,7:34:18
11/8/2020,7:35:41
11/8/2020,7:35:39
11/8/2020,7:36:11
11/8/2020,7:36:42
11/8/2020,7:36:58
11/8/2020,7:37:54
11/8/2020,7:40:26
11/8/2020,7:43:08
11/8/2020,7:43:52
11/8/2020,7:45:00
11/8/2020,7:45:13
11/8/2020,7:46:30
11/8/2020,7:47:00
11/8/2020,7:53:04
11/8/2020,7:54:13
11/8/2020,7:59:20
11/8/2020,7:59:36
11/8/2020,7:59:36
11/8/2020,8:02:02
11/8/2020,8:04:25
11/8/2020,8:06:17
11/8/2020,8:06:47
11/8/2020,8:07:47
11/8/2020,8:08:18
11/8/2020,8:08:36
11/8/2020,8:09:07
11/8/2020,8:09:22
11/8/2020,8:12:11
11/8/2020,8:12:51
11/8/2020,8:12:17
11/8/2020,8:13:09
11/8/2020,8:13:24
11/8/2020,8:13:56
11/8/2020,8:13:51
11/8/2020,8:14:02
11/8/2020,8:14:04
11/8/2020,8:14:26
11/8/2020,8:18:21
11/8/2020,8:18:40
11/8/2020,8:18:50
11/8/2020,8:19:12
11/8/2020,8:19:55
11/8/2020,8:19:24
11/8/2020,8:20:49
11/8/2020,8:20:17
11/8/2020,8:21:57
11/8/2020,8:22:07
11/8/2020,8:23:25
11/8/2020,8:23:39
11/8/2020,8:24:47
11/8/2020,8:25:38
11/8/2020,8:26:06
11/8/2020,8:26:49
11/8/2020,8:26:58
11/8/2020,8:26:37
11/8/2020,8:26:48
11/8/2020,8:28:29
11/8/2020,8:27:29
11/8/2020,8:30:31
11/8/2020,8:30:38
11/8/2020,8:32:12
11/8/2020,8:32:17
11/8/2020,8:33:14
11/8/2020,8:33:39
11/8/2020,8:33:29
11/8/2020,8:34:33
11/8/2020,8:34:44
11/8/2020,8:36:09
11/8/2020,8:37:01
11/8/2020,8:37:01
11/8/2020,8:37:32
11/8/2020,8:38:19
11/8/2020,8:39:14
11/8/2020,8:39:21
11/8/2020,8:40:03
11/8/2020,8:40:13
11/8/2020,8:41:06
11/8/2020,8:41:47
11/8/2020,8:41:05
11/8/2020,8:41:48
11/8/2020,8:41:54
11/8/2020,8:43:02
11/8/2020,8:43:23
11/8/2020,8:44:07
11/8/2020,8:44:38
11/8/2020,8:45:09
11/8/2020,8:45:10
11/8/2020,8:45:41
11/8/2020,8:50:21
11/8/2020,8:51:12
11/8/2020,8:51:47
11/8/2020,8:53:17
11/8/2020,8:53:20
11/8/2020,8:53:23
11/8/2020,8:54:02
11/8/2020,8:54:32
11/8/2020,8:54:33
11/8/2020,8:54:35
11/8/2020,8:54:40
11/8/2020,8:54:34
11/8/2020,8:55:10
11/8/2020,8:56:21
11/8/2020,8:55:11
11/8/2020,8:56:23
11/8/2020,8:58:58
11/8/2020,8:58:27
11/8/2020,8:59:31
11/8/2020,8:59:36
11/8/2020,9:00:04
11/8/2020,9:01:13
11/8/2020,9:01:14
11/8/2020,9:01:45
11/8/2020,9:02:02
11/8/2020,9:04:07
11/8/2020,9:05:16
11/8/2020,9:05:47
11/8/2020,9:05:50
11/8/2020,9:06:14
11/8/2020,9:06:18
11/8/2020,9:06:19
11/8/2020,9:06:20
11/8/2020,9:06:36
11/8/2020,9:06:36
11/8/2020,9:06:45
11/8/2020,9:08:40
11/8/2020,9:06:36
11/8/2020,9:09:12
11/8/2020,9:10:18
11/8/2020,9:10:30
11/8/2020,9:11:42
11/8/2020,9:11:47
11/8/2020,9:12:18
11/8/2020,9:13:25
11/8/2020,9:13:56
11/8/2020,9:14:46
11/8/2020,9:15:42
11/8/2020,9:17:37
11/8/2020,9:18:16
11/8/2020,9:19:30
11/8/2020,9:19:58
11/8/2020,9:20:21
11/8/2020,9:20:24
11/8/2020,9:20:49
11/8/2020,9:20:50
11/8/2020,9:20:54
11/8/2020,9:21:34
11/8/2020,9:21:35
11/8/2020,9:22:59
11/8/2020,9:23:27
11/8/2020,9:23:38
11/8/2020,9:25:07
11/8/2020,9:25:20
11/8/2020,9:25:39
11/8/2020,9:26:18
11/8/2020,9:26:25
11/8/2020,9:27:11
11/8/2020,9:27:42
11/8/2020,9:28:04
11/8/2020,9:28:34
11/8/2020,9:28:48
11/8/2020,9:29:45
11/8/2020,9:30:00
11/8/2020,9:35:10
11/8/2020,9:45:52
11/8/2020,9:45:53
11/8/2020,9:53:29
11/8/2020,9:53:39
11/8/2020,9:54:56
11/8/2020,9:59:23
11/8/2020,9:59:36
11/8/2020,9:59:44
11/8/2020,10:02:02
11/8/2020,10:08:59
11/8/2020,10:09:40
11/8/2020,10:09:41
11/8/2020,10:18:36
11/8/2020,10:18:55
11/8/2020,10:20:49
11/8/2020,10:35:34
11/8/2020,10:36:23
11/8/2020,10:36:52
11/8/2020,10:36:42
11/8/2020,10:43:12
11/8/2020,10:43:13
11/8/2020,10:43:17
11/8/2020,10:43:18
11/8/2020,10:43:36
11/8/2020,10:43:37
11/8/2020,10:48:02
11/8/2020,10:48:03
11/8/2020,10:48:23
11/8/2020,10:48:24
11/8/2020,10:48:30
11/8/2020,10:48:31
11/8/2020,10:50:23
11/8/2020,10:50:34
11/8/2020,10:51:44
11/8/2020,10:51:45
11/8/2020,10:52:26
11/8/2020,10:52:27
11/8/2020,10:52:16
11/8/2020,10:50:31
11/8/2020,10:54:46
11/8/2020,10:54:47
11/8/2020,10:55:18
11/8/2020,10:56:46
11/8/2020,10:56:47
11/8/2020,10:57:05
11/8/2020,10:57:36
11/8/2020,10:57:35
11/8/2020,10:58:08
11/8/2020,10:58:29
11/8/2020,10:59:01
11/8/2020,10:59:36
11/8/2020,10:59:54
11/8/2020,11:02:02
11/8/2020,11:05:15
11/8/2020,11:05:55
11/8/2020,11:06:11
11/8/2020,11:06:20
11/8/2020,11:06:41
11/8/2020,11:06:42
11/8/2020,11:07:04
11/8/2020,11:07:10
11/8/2020,11:07:24
11/8/2020,11:07:34
11/8/2020,11:07:55
11/8/2020,11:08:31
11/8/2020,11:08:39
11/8/2020,11:08:57
11/8/2020,11:09:02
11/8/2020,11:09:04
11/8/2020,11:09:27
11/8/2020,11:10:25
11/8/2020,11:10:50
11/8/2020,11:11:13
11/8/2020,11:11:18
11/8/2020,11:11:18
11/8/2020,11:12:02
11/8/2020,11:12:06
11/8/2020,11:12:22
11/8/2020,11:12:33
11/8/2020,11:14:02
11/8/2020,11:14:27
11/8/2020,11:15:20
11/8/2020,11:14:58
11/8/2020,11:14:32
11/8/2020,11:15:42
11/8/2020,11:16:04
11/8/2020,11:17:07
11/8/2020,11:16:13
11/8/2020,11:18:31
11/8/2020,11:18:48
11/8/2020,11:19:01
11/8/2020,11:19:20
11/8/2020,11:20:05
11/8/2020,11:20:07
11/8/2020,11:20:21
11/8/2020,11:21:05
11/8/2020,11:20:52
11/8/2020,11:20:35
11/8/2020,11:21:00
11/8/2020,11:20:49
11/8/2020,11:24:08
11/8/2020,11:25:54
11/8/2020,11:25:23
11/8/2020,11:26:22
11/8/2020,11:27:30
11/8/2020,11:30:11
11/8/2020,11:30:12
11/8/2020,11:30:40
11/8/2020,11:31:04
11/8/2020,11:32:07
11/8/2020,11:31:05
11/8/2020,11:32:38
11/8/2020,11:33:50
11/8/2020,11:34:21
11/8/2020,11:35:13
11/8/2020,11:34:22
11/8/2020,11:35:42
11/8/2020,11:36:13
11/8/2020,11:36:00
11/8/2020,11:36:24
11/8/2020,11:38:44
11/8/2020,11:38:41
11/8/2020,11:39:31
11/8/2020,11:40:22
11/8/2020,11:41:06
11/8/2020,11:40:46
11/8/2020,11:42:21
11/8/2020,11:42:34
11/8/2020,11:42:54
11/8/2020,11:43:18
11/8/2020,11:43:25
11/8/2020,11:45:08
11/8/2020,11:45:21
11/8/2020,11:45:36
11/8/2020,11:47:00
11/8/2020,11:46:59
11/8/2020,11:47:10
11/8/2020,11:47:11
11/8/2020,11:48:29
11/8/2020,11:48:36
11/8/2020,11:48:30
11/8/2020,11:48:50
11/8/2020,11:48:37
11/8/2020,11:48:51
11/8/2020,11:48:58
11/8/2020,11:48:57
11/8/2020,11:45:39
11/8/2020,11:49:09
11/8/2020,11:50:00
11/8/2020,11:50:01
11/8/2020,11:49:14
11/8/2020,11:50:15
11/8/2020,11:50:21
11/8/2020,11:50:14
11/8/2020,11:50:22
11/8/2020,11:50:42
11/8/2020,11:50:37
11/8/2020,11:50:35
11/8/2020,11:50:43
11/8/2020,11:51:17
11/8/2020,11:51:38
11/8/2020,11:51:18
11/8/2020,11:51:45
11/8/2020,11:51:39
11/8/2020,11:51:46
11/8/2020,11:51:52
11/8/2020,11:52:07
11/8/2020,11:52:13
11/8/2020,11:52:14
11/8/2020,11:53:09
11/8/2020,11:53:10
11/8/2020,11:53:16
11/8/2020,11:53:17
11/8/2020,11:53:23
11/8/2020,11:53:37
11/8/2020,11:53:51
11/8/2020,11:53:52
11/8/2020,11:53:58
11/8/2020,11:53:59
11/8/2020,11:54:12
11/8/2020,11:54:13
11/8/2020,11:55:38
11/8/2020,11:55:39
11/8/2020,11:55:39
11/8/2020,11:56:13
11/8/2020,11:56:14
11/8/2020,11:59:24
11/8/2020,11:59:36
11/8/2020,12:00:03
11/8/2020,12:02:02
11/8/2020,12:04:12
11/8/2020,12:07:08
11/8/2020,12:07:09
11/8/2020,12:11:58
11/8/2020,12:13:48
11/8/2020,12:20:49
11/8/2020,12:26:06
11/8/2020,12:26:16
11/8/2020,12:26:44
11/8/2020,12:26:55
11/8/2020,12:28:59
11/8/2020,12:29:06
11/8/2020,12:29:13
11/8/2020,12:29:34
11/8/2020,12:29:43
11/8/2020,12:30:53
11/8/2020,12:32:34
11/8/2020,12:33:12
11/8/2020,12:33:20
11/8/2020,12:33:45
11/8/2020,12:36:09
11/8/2020,12:36:13
11/8/2020,12:36:24
11/8/2020,12:36:22
11/8/2020,12:36:32
11/8/2020,12:37:02
11/8/2020,12:45:31
11/8/2020,12:45:50
11/8/2020,12:45:53
11/8/2020,12:45:58
11/8/2020,12:46:29
11/8/2020,12:46:23
11/8/2020,12:46:29
11/8/2020,12:47:16
11/8/2020,12:47:09
11/8/2020,12:48:05
11/8/2020,12:48:17
11/8/2020,12:48:31
11/8/2020,12:48:40
11/8/2020,12:49:09
11/8/2020,12:49:22
11/8/2020,12:49:33
11/8/2020,12:49:47
11/8/2020,12:49:48
11/8/2020,12:49:52
11/8/2020,12:50:07
11/8/2020,12:50:23
11/8/2020,12:50:38
11/8/2020,12:51:08
11/8/2020,12:51:16
11/8/2020,12:52:20
11/8/2020,12:52:51
11/8/2020,12:53:04
11/8/2020,12:53:10
11/8/2020,12:53:41
11/8/2020,12:55:02
11/8/2020,12:55:35
11/8/2020,12:56:02
11/8/2020,12:59:36
11/8/2020,12:59:40
11/8/2020,12:59:56
11/8/2020,12:59:45
11/8/2020,13:00:11
11/8/2020,13:00:14
11/8/2020,13:00:41
11/8/2020,13:00:19
11/8/2020,13:00:57
11/8/2020,13:01:51
11/8/2020,13:01:47
11/8/2020,13:01:17
11/8/2020,13:02:02
11/8/2020,13:01:38
11/8/2020,13:02:01
11/8/2020,13:02:02
11/8/2020,13:02:38
11/8/2020,13:02:45
11/8/2020,13:02:56
11/8/2020,13:04:31
11/8/2020,13:04:36
11/8/2020,13:05:01
11/8/2020,13:06:06
11/8/2020,13:10:25
11/8/2020,13:10:31
11/8/2020,13:10:57
11/8/2020,13:11:01
11/8/2020,13:13:35
11/8/2020,13:13:42
11/8/2020,13:12:38
11/8/2020,13:14:06
11/8/2020,13:14:53
11/8/2020,13:15:00
11/8/2020,13:17:30
11/8/2020,13:17:51
11/8/2020,13:18:08
11/8/2020,13:20:49
11/8/2020,13:25:53
11/8/2020,13:36:46
11/8/2020,13:38:24
11/8/2020,13:41:16
11/8/2020,13:41:38
11/8/2020,13:39:20
11/8/2020,13:42:12
11/8/2020,13:42:33
11/8/2020,13:42:17
11/8/2020,13:42:37
11/8/2020,13:43:05
11/8/2020,13:46:22
11/8/2020,13:46:58
11/8/2020,13:47:47
11/8/2020,13:48:51
11/8/2020,13:46:10
11/8/2020,13:47:18
11/8/2020,13:46:42
11/8/2020,13:49:04
11/8/2020,13:49:08
11/8/2020,13:49:23
11/8/2020,13:50:11
11/8/2020,13:50:19
11/8/2020,13:51:07
11/8/2020,13:52:05
11/8/2020,13:52:01
11/8/2020,13:52:28
11/8/2020,13:52:12
11/8/2020,13:51:03
11/8/2020,13:51:28
11/8/2020,13:54:25
11/8/2020,13:54:29
11/8/2020,13:54:49
11/8/2020,13:56:24
11/8/2020,13:57:46
11/8/2020,13:58:13
11/8/2020,13:58:48
11/8/2020,13:59:08
11/8/2020,13:59:02
11/8/2020,13:59:36
11/8/2020,13:59:17
11/8/2020,13:59:53
11/8/2020,13:59:46
11/8/2020,13:59:54
11/8/2020,14:00:02
11/8/2020,14:00:24
11/8/2020,14:00:15
11/8/2020,14:00:36
11/8/2020,14:02:02
11/8/2020,14:09:31
11/8/2020,14:09:35
11/8/2020,14:10:47
11/8/2020,14:11:34
11/8/2020,14:11:46
11/8/2020,14:12:02
11/8/2020,14:12:08
11/8/2020,14:12:18
11/8/2020,14:12:39
11/8/2020,14:13:21
11/8/2020,14:13:30
11/8/2020,14:13:37
11/8/2020,14:13:45
11/8/2020,14:13:49
11/8/2020,14:14:01
11/8/2020,14:14:05
11/8/2020,14:14:12
11/8/2020,14:14:23
11/8/2020,14:14:40
11/8/2020,14:15:24
11/8/2020,14:15:41
11/8/2020,14:16:09
11/8/2020,14:16:28
11/8/2020,14:20:49
11/8/2020,14:25:32
11/8/2020,14:25:59
11/8/2020,14:26:38
11/8/2020,14:26:42
11/8/2020,14:26:59
11/8/2020,14:28:56
11/8/2020,14:29:03
11/8/2020,14:29:19
11/8/2020,14:29:28
11/8/2020,14:30:12
11/8/2020,14:30:02
11/8/2020,14:30:35
11/8/2020,14:31:22
11/8/2020,14:31:44
11/8/2020,14:33:51
11/8/2020,14:33:43
11/8/2020,14:34:00
11/8/2020,14:34:18
11/8/2020,14:34:32
11/8/2020,14:34:24
11/8/2020,14:35:17
11/8/2020,14:35:26
11/8/2020,14:36:14
11/8/2020,14:37:10
11/8/2020,14:42:49
11/8/2020,14:43:08
11/8/2020,14:43:35
11/8/2020,14:43:41
11/8/2020,14:47:45
11/8/2020,14:48:27
11/8/2020,14:48:35
11/8/2020,14:48:59
11/8/2020,14:50:37
11/8/2020,14:51:36
11/8/2020,14:51:04
11/8/2020,14:52:19
11/8/2020,14:52:09
11/8/2020,14:53:47
11/8/2020,14:53:53
11/8/2020,14:52:26
11/8/2020,14:56:46
11/8/2020,14:58:04
11/8/2020,14:58:08
11/8/2020,14:59:00
11/8/2020,14:58:27
11/8/2020,14:59:36
11/8/2020,14:59:54
11/8/2020,15:00:34
11/8/2020,15:01:41
11/8/2020,15:02:00
11/8/2020,15:02:03
11/8/2020,15:01:40
11/8/2020,15:03:24
11/8/2020,15:02:52
11/8/2020,15:03:11
11/8/2020,15:03:55
11/8/2020,15:03:05
11/8/2020,15:03:15
11/8/2020,15:04:10
11/8/2020,15:04:41
11/8/2020,15:05:10
11/8/2020,15:05:38
11/8/2020,15:05:47
11/8/2020,15:06:00
11/8/2020,15:06:05
11/8/2020,15:06:00
11/8/2020,15:06:20
11/8/2020,15:06:12
11/8/2020,15:06:29
11/8/2020,15:06:47
11/8/2020,15:06:38
11/8/2020,15:07:08
11/8/2020,15:07:07
11/8/2020,15:07:18
11/8/2020,15:08:37
11/8/2020,15:08:50
11/8/2020,15:09:01
11/8/2020,15:09:11
11/8/2020,15:09:22
11/8/2020,15:09:26
11/8/2020,15:09:36
11/8/2020,15:09:46
11/8/2020,15:09:57
11/8/2020,15:10:10
11/8/2020,15:10:16
11/8/2020,15:10:41
11/8/2020,15:10:36
11/8/2020,15:13:41
11/8/2020,15:13:49
11/8/2020,15:14:04
11/8/2020,15:14:59
11/8/2020,15:20:50
11/8/2020,15:32:32
11/8/2020,15:37:34
11/8/2020,15:49:37
11/8/2020,15:50:08
11/8/2020,15:50:30
11/8/2020,15:51:00
11/8/2020,15:51:06
11/8/2020,15:51:19
11/8/2020,15:53:13
11/8/2020,15:51:37
11/8/2020,15:56:06
11/8/2020,15:56:47
11/8/2020,15:57:06
11/8/2020,15:56:16
11/8/2020,15:56:37
11/8/2020,15:59:09
11/8/2020,15:59:15
11/8/2020,15:59:36
11/8/2020,15:59:40
11/8/2020,15:59:43
11/8/2020,16:00:05
11/8/2020,16:00:14
11/8/2020,15:59:54
11/8/2020,16:00:42
11/8/2020,16:00:57
11/8/2020,16:00:58
11/8/2020,16:01:03
11/8/2020,16:02:03
11/8/2020,16:02:30
11/8/2020,16:02:29
11/8/2020,16:02:31
11/8/2020,16:02:32
11/8/2020,16:02:33
11/8/2020,16:02:37
11/8/2020,16:02:39
11/8/2020,16:02:45
11/8/2020,16:02:47
11/8/2020,16:02:48
11/8/2020,16:03:07
11/8/2020,16:14:46
11/8/2020,16:20:50
11/8/2020,16:30:00
11/8/2020,16:32:36
11/8/2020,16:36:46
11/8/2020,16:38:00
11/8/2020,16:45:57
11/8/2020,16:46:01
11/8/2020,16:46:28
11/8/2020,16:46:54
11/8/2020,16:48:07
11/8/2020,16:49:03
11/8/2020,16:51:08
11/8/2020,16:51:09
11/8/2020,16:51:40
11/8/2020,16:52:13
11/8/2020,16:53:28
11/8/2020,16:54:08
11/8/2020,16:55:50
11/8/2020,16:55:40
11/8/2020,16:56:31
11/8/2020,16:56:52
11/8/2020,16:57:28
11/8/2020,16:57:36
11/8/2020,16:59:28
11/8/2020,16:59:36
11/8/2020,17:00:00
11/8/2020,17:00:34
11/8/2020,17:00:51
11/8/2020,17:01:38
11/8/2020,17:01:05
11/8/2020,17:02:03
11/8/2020,17:02:23
11/8/2020,17:03:07
11/8/2020,17:03:50
11/8/2020,17:05:40
11/8/2020,17:06:11
11/8/2020,17:06:16
11/8/2020,17:07:04
11/8/2020,17:07:18
11/8/2020,17:15:28
11/8/2020,17:16:53
11/8/2020,17:17:20
11/8/2020,17:17:24
11/8/2020,17:17:51
11/8/2020,17:19:31
11/8/2020,17:20:02
11/8/2020,17:20:17
11/8/2020,17:20:48
11/8/2020,17:20:50
11/8/2020,17:20:51
11/8/2020,17:21:01
11/8/2020,17:21:22
11/8/2020,17:21:32
11/8/2020,17:22:16
11/8/2020,17:22:12
11/8/2020,17:22:43
11/8/2020,17:23:37
11/8/2020,17:23:53
11/8/2020,17:24:02
11/8/2020,17:24:25
11/8/2020,17:24:33
11/8/2020,17:25:28
11/8/2020,17:25:32
11/8/2020,17:27:09
11/8/2020,17:29:04
11/8/2020,17:30:08
11/8/2020,17:31:11
11/8/2020,17:31:21
11/8/2020,17:31:42
11/8/2020,17:32:21
11/8/2020,17:38:24
11/8/2020,17:38:39
11/8/2020,17:38:46
11/8/2020,17:39:10
11/8/2020,17:40:26
11/8/2020,17:49:00
11/8/2020,17:49:01
11/8/2020,17:49:21
11/8/2020,17:49:33
11/8/2020,17:50:20
11/8/2020,17:52:45
11/8/2020,17:49:22
11/8/2020,17:52:46
11/8/2020,17:50:21
11/8/2020,17:53:17
11/8/2020,17:53:18
11/8/2020,17:49:32
11/8/2020,17:54:05
11/8/2020,17:54:06
11/8/2020,17:54:26
11/8/2020,17:54:27
11/8/2020,17:54:37
11/8/2020,17:54:38
11/8/2020,17:54:58
11/8/2020,17:54:59
11/8/2020,17:55:36
11/8/2020,17:55:37
11/8/2020,17:56:02
11/8/2020,17:56:03
11/8/2020,17:56:24
11/8/2020,17:56:25
11/8/2020,17:57:23
11/8/2020,17:57:34
11/8/2020,17:57:33
11/8/2020,17:57:38
11/8/2020,17:57:24
11/8/2020,17:57:39
11/8/2020,17:57:49
11/8/2020,17:58:05
11/8/2020,17:58:06
11/8/2020,17:58:48
11/8/2020,17:58:49
11/8/2020,17:59:36
11/8/2020,18:01:01
11/8/2020,18:02:34
11/8/2020,18:02:03
11/8/2020,18:03:21
11/8/2020,18:03:36
11/8/2020,18:03:52
11/8/2020,18:03:59
11/8/2020,18:04:01
11/8/2020,18:04:30
11/8/2020,18:05:09
11/8/2020,18:05:13
11/8/2020,18:05:39
11/8/2020,18:05:54
11/8/2020,18:06:16
11/8/2020,18:06:20
11/8/2020,18:06:46
11/8/2020,18:07:02
11/8/2020,18:08:59
11/8/2020,18:09:05
11/8/2020,18:09:30
11/8/2020,18:09:52
11/8/2020,18:10:43
11/8/2020,18:10:51
11/8/2020,18:11:14
11/8/2020,18:11:32
11/8/2020,18:13:44
11/8/2020,18:13:51
11/8/2020,18:14:15
11/8/2020,18:14:23
11/8/2020,18:14:49
11/8/2020,18:16:10
11/8/2020,18:17:15
11/8/2020,18:18:41
11/8/2020,18:18:42
11/8/2020,18:20:50
11/8/2020,18:21:42
11/8/2020,18:38:48
11/8/2020,18:41:55
11/8/2020,18:42:48
11/8/2020,18:43:06
11/8/2020,18:43:18
11/8/2020,18:43:32
11/8/2020,18:43:40
11/8/2020,18:44:15
11/8/2020,18:44:22
11/8/2020,18:44:31
11/8/2020,18:44:55
11/8/2020,18:45:32
11/8/2020,18:46:54
11/8/2020,18:47:38
11/8/2020,18:47:45
11/8/2020,18:48:10
11/8/2020,18:48:15
11/8/2020,18:48:33
11/8/2020,18:49:04
11/8/2020,18:51:03
11/8/2020,18:53:48
11/8/2020,18:54:20
11/8/2020,18:56:11
11/8/2020,18:57:21
11/8/2020,18:57:30
11/8/2020,18:58:01
11/8/2020,18:58:10
11/8/2020,18:59:36
11/8/2020,18:59:59
11/8/2020,19:00:14
11/8/2020,19:00:31
11/8/2020,19:01:09
11/8/2020,19:01:33
11/8/2020,19:02:03
11/8/2020,19:04:08
11/8/2020,19:12:23
11/8/2020,19:13:14
11/8/2020,19:13:41
11/8/2020,19:13:54
11/8/2020,19:14:06
11/8/2020,19:14:36
11/8/2020,19:14:39
11/8/2020,19:16:52
11/8/2020,19:15:32
11/8/2020,19:16:58
11/8/2020,19:17:04
11/8/2020,19:18:42
11/8/2020,19:19:40
11/8/2020,19:19:41
11/8/2020,19:19:42
11/8/2020,19:20:03
11/8/2020,19:20:16
11/8/2020,19:20:15
11/8/2020,19:20:29
11/8/2020,19:20:50
11/8/2020,19:21:38
11/8/2020,19:21:15
11/8/2020,19:22:33
11/8/2020,19:22:37
11/8/2020,19:23:05
11/8/2020,19:23:22
11/8/2020,19:23:22
11/8/2020,19:23:35
11/8/2020,19:23:40
11/8/2020,19:23:59
11/8/2020,19:24:23
11/8/2020,19:24:25
11/8/2020,19:24:48
11/8/2020,19:27:29
11/8/2020,19:27:35
11/8/2020,19:28:24
11/8/2020,19:30:05
11/8/2020,19:30:35
11/8/2020,19:31:14
11/8/2020,19:31:45
11/8/2020,19:31:51
11/8/2020,19:32:40
11/8/2020,19:32:48
11/8/2020,19:33:44
11/8/2020,19:33:42
11/8/2020,19:33:56
11/8/2020,19:34:15
11/8/2020,19:34:27
11/8/2020,19:34:33
11/8/2020,19:35:03
11/8/2020,19:36:01
11/8/2020,19:36:27
11/8/2020,19:35:03
11/8/2020,19:39:13
11/8/2020,19:39:30
11/8/2020,19:48:12
11/8/2020,19:48:43
11/8/2020,19:48:56
11/8/2020,19:49:19
11/8/2020,19:49:51
11/8/2020,19:56:25
11/8/2020,19:56:27
11/8/2020,19:56:45
11/8/2020,19:57:44
11/8/2020,19:59:31
11/8/2020,19:59:36
11/8/2020,19:59:40
11/8/2020,20:00:55
11/8/2020,20:00:11
11/8/2020,20:02:03
11/8/2020,20:01:21
11/8/2020,20:02:54
11/8/2020,20:03:19
11/8/2020,20:03:10
11/8/2020,20:04:06
11/8/2020,20:04:14
11/8/2020,20:04:23
11/8/2020,20:06:06
11/8/2020,20:06:13
11/8/2020,20:06:17
11/8/2020,20:06:37
11/8/2020,20:06:44
11/8/2020,20:06:48
13/8/2020,9:30:01
13/8/2020,16:30:01
13/8/2020,18:30:01
13/8/2020,18:30:01
13/8/2020,18:30:01
13/8/2020,20:30:01
13/8/2020,20:30:01
13/8/2020,20:30:02
13/8/2020,22:30:01
13/8/2020,22:30:01
13/8/2020,22:30:01
13/8/2020,23:00:01
14/8/2020,7:45:00
14/8/2020,8:25:00
14/8/2020,8:25:00
14/8/2020,8:25:01
14/8/2020,9:05:00
14/8/2020,9:05:00
14/8/2020,9:05:01
14/8/2020,9:30:01
14/8/2020,16:30:01
14/8/2020,18:30:01
14/8/2020,18:30:01
14/8/2020,18:30:02
14/8/2020,20:30:01
14/8/2020,20:30:01
14/8/2020,20:30:02
14/8/2020,22:30:01
14/8/2020,22:30:01
14/8/2020,22:30:01
14/8/2020,23:00:01
15/8/2020,7:45:01
15/8/2020,8:25:01
15/8/2020,8:25:01
15/8/2020,8:25:01
15/8/2020,9:05:01
15/8/2020,9:05:01
15/8/2020,9:05:01
15/8/2020,9:30:00
15/8/2020,16:30:00
15/8/2020,18:30:00
15/8/2020,18:30:00
15/8/2020,18:30:01
15/8/2020,20:30:00
15/8/2020,20:30:00
15/8/2020,20:30:01
15/8/2020,22:30:00
15/8/2020,22:30:00
15/8/2020,22:30:01
15/8/2020,23:00:00
16/8/2020,7:45:01
16/8/2020,8:25:01
16/8/2020,8:25:02
16/8/2020,8:25:01
16/8/2020,9:05:01
16/8/2020,9:05:01
16/8/2020,9:05:01
16/8/2020,9:30:00
16/8/2020,16:30:01
16/8/2020,18:30:01
16/8/2020,18:30:01
16/8/2020,18:30:02
16/8/2020,20:30:01
16/8/2020,20:30:01
16/8/2020,20:30:01
16/8/2020,22:30:01
16/8/2020,22:30:01
16/8/2020,22:30:01
16/8/2020,23:00:01
17/8/2020,7:45:00
17/8/2020,8:25:00
17/8/2020,8:25:00
17/8/2020,8:25:01
17/8/2020,9:05:00
17/8/2020,9:05:00
17/8/2020,9:05:01
17/8/2020,9:30:01
17/8/2020,16:30:00
17/8/2020,18:30:00
17/8/2020,18:30:00
17/8/2020,18:30:01
17/8/2020,20:30:00
17/8/2020,20:30:00
17/8/2020,20:30:02
17/8/2020,22:30:00
17/8/2020,22:30:02
17/8/2020,22:30:00
17/8/2020,23:00:01
18/8/2020,7:45:01
18/8/2020,8:25:01
18/8/2020,8:25:01
18/8/2020,8:25:05
18/8/2020,9:05:01
18/8/2020,9:05:01
18/8/2020,9:05:03
18/8/2020,9:30:00
18/8/2020,16:30:00
18/8/2020,18:30:00
18/8/2020,18:30:00
18/8/2020,18:30:01
18/8/2020,20:30:00
18/8/2020,20:30:00
18/8/2020,20:30:01
18/8/2020,22:30:00
18/8/2020,22:30:00
18/8/2020,22:30:01
18/8/2020,23:00:00
19/8/2020,7:45:00
19/8/2020,8:25:00
19/8/2020,8:25:00
19/8/2020,8:25:00
19/8/2020,9:05:00
19/8/2020,9:05:00
19/8/2020,9:05:00
19/8/2020,9:30:01
19/8/2020,16:30:01
19/8/2020,18:30:01
19/8/2020,18:30:01
19/8/2020,18:30:01
19/8/2020,20:30:01
19/8/2020,20:30:01
19/8/2020,20:30:01
19/8/2020,22:30:01
19/8/2020,22:30:01
19/8/2020,22:30:02
19/8/2020,23:00:01
20/8/2020,7:45:00
20/8/2020,8:25:00
20/8/2020,8:25:00
20/8/2020,8:25:01
20/8/2020,9:05:00
20/8/2020,9:05:00
20/8/2020,9:05:01
20/8/2020,9:30:01
20/8/2020,16:30:00
20/8/2020,18:30:00
20/8/2020,18:30:00
20/8/2020,18:30:00
20/8/2020,20:30:00
20/8/2020,20:30:00
20/8/2020,20:30:00
20/8/2020,22:30:00
20/8/2020,22:30:00
20/8/2020,22:30:00
20/8/2020,23:00:01
21/8/2020,7:45:01
21/8/2020,8:25:01
21/8/2020,8:25:01
21/8/2020,8:25:01
21/8/2020,9:05:01
21/8/2020,9:05:01
21/8/2020,9:05:02
21/8/2020,9:30:00
21/8/2020,16:30:01
21/8/2020,18:30:01
21/8/2020,18:30:01
21/8/2020,18:30:01
21/8/2020,20:30:01
21/8/2020,20:30:01
21/8/2020,20:30:02
21/8/2020,22:30:01
21/8/2020,22:30:01
21/8/2020,22:30:01
21/8/2020,23:00:01
22/8/2020,7:45:00
22/8/2020,8:25:00
22/8/2020,8:25:00
22/8/2020,8:25:00
22/8/2020,9:05:00
22/8/2020,9:05:00
22/8/2020,9:05:00
22/8/2020,9:30:01
22/8/2020,16:30:01
22/8/2020,18:30:01
22/8/2020,18:30:01
22/8/2020,18:30:01
22/8/2020,20:30:01
22/8/2020,20:30:01
22/8/2020,20:30:01
22/8/2020,22:30:01
22/8/2020,22:30:01
22/8/2020,22:30:01
22/8/2020,23:00:01
23/8/2020,7:45:00
23/8/2020,8:25:00
23/8/2020,8:25:01
23/8/2020,8:25:00
23/8/2020,9:05:00
23/8/2020,9:05:00
23/8/2020,9:05:01
23/8/2020,9:30:01
23/8/2020,16:30:00
23/8/2020,18:30:00
23/8/2020,18:30:00
23/8/2020,18:30:00
23/8/2020,20:30:00
23/8/2020,20:30:00
23/8/2020,20:30:01
23/8/2020,22:30:00
23/8/2020,22:30:00
23/8/2020,22:30:01
23/8/2020,23:00:00
24/8/2020,7:45:01
24/8/2020,8:25:01
24/8/2020,8:25:01
24/8/2020,8:25:01
24/8/2020,9:05:01
24/8/2020,9:05:01
24/8/2020,9:05:01
24/8/2020,9:30:00
24/8/2020,16:30:01
24/8/2020,18:30:01
24/8/2020,18:30:01
24/8/2020,18:30:01
24/8/2020,20:30:01
24/8/2020,20:30:02
24/8/2020,20:30:01
24/8/2020,22:30:01
24/8/2020,22:30:01
24/8/2020,22:30:01
24/8/2020,23:00:00
25/8/2020,7:45:01
25/8/2020,8:25:01
25/8/2020,8:25:01
25/8/2020,8:25:01
25/8/2020,9:05:01
25/8/2020,9:05:02
25/8/2020,9:05:01
25/8/2020,9:30:01
25/8/2020,16:30:01
25/8/2020,18:30:01
25/8/2020,18:30:01
25/8/2020,18:30:02
25/8/2020,20:30:01
25/8/2020,20:30:01
25/8/2020,20:30:02
25/8/2020,22:30:01
25/8/2020,22:30:01
25/8/2020,22:30:01
25/8/2020,23:00:01
26/8/2020,7:45:01
26/8/2020,8:25:01
26/8/2020,8:25:01
26/8/2020,8:25:02
26/8/2020,9:05:01
26/8/2020,9:05:01
26/8/2020,9:05:02
26/8/2020,9:30:00
26/8/2020,16:30:01
26/8/2020,18:30:01
26/8/2020,18:30:01
26/8/2020,18:30:01
26/8/2020,20:30:01
26/8/2020,20:30:01
26/8/2020,20:30:01
26/8/2020,22:30:01
26/8/2020,22:30:01
26/8/2020,22:30:01
26/8/2020,23:00:01
27/8/2020,7:45:01
27/8/2020,8:25:01
27/8/2020,8:25:01
27/8/2020,8:25:01
27/8/2020,9:05:01
27/8/2020,9:05:01
27/8/2020,9:05:01
27/8/2020,9:30:01
27/8/2020,16:30:00
27/8/2020,18:30:00
27/8/2020,18:30:00
27/8/2020,18:30:01
27/8/2020,20:30:00
27/8/2020,20:30:00
27/8/2020,20:30:01
27/8/2020,22:30:00
27/8/2020,22:30:00
27/8/2020,22:30:01
27/8/2020,23:00:01
28/8/2020,7:45:01
28/8/2020,8:25:01
28/8/2020,8:25:01
28/8/2020,8:25:01
28/8/2020,9:05:01
28/8/2020,9:05:01
28/8/2020,9:05:01
28/8/2020,9:30:00
28/8/2020,16:30:01
28/8/2020,18:30:01
28/8/2020,18:30:01
28/8/2020,18:30:02
28/8/2020,20:30:01
28/8/2020,20:30:01
28/8/2020,20:30:01
28/8/2020,22:30:01
28/8/2020,22:30:01
28/8/2020,22:30:01
28/8/2020,23:00:01
29/8/2020,7:45:01
29/8/2020,8:25:01
29/8/2020,8:25:01
29/8/2020,8:25:02
29/8/2020,9:05:01
29/8/2020,9:05:01
29/8/2020,9:05:01
29/8/2020,9:30:01
29/8/2020,16:30:00
29/8/2020,18:30:00
29/8/2020,18:30:00
29/8/2020,18:30:00
29/8/2020,20:30:00
29/8/2020,20:30:00
29/8/2020,20:30:00
29/8/2020,22:30:00
29/8/2020,22:30:00
29/8/2020,22:30:00
29/8/2020,23:00:01
30/8/2020,7:45:01
30/8/2020,8:25:01
30/8/2020,8:25:01
30/8/2020,8:25:01
30/8/2020,9:05:01
30/8/2020,9:05:01
30/8/2020,9:05:02
30/8/2020,9:30:01
30/8/2020,16:30:00
30/8/2020,18:30:00
30/8/2020,18:30:00
30/8/2020,18:30:00
30/8/2020,20:30:00
30/8/2020,20:30:00
30/8/2020,20:30:00
30/8/2020,22:30:00
30/8/2020,22:30:00
30/8/2020,22:30:01
30/8/2020,23:00:01
31/8/2020,7:45:01
31/8/2020,8:25:01
31/8/2020,8:25:02
31/8/2020,8:25:01
31/8/2020,9:05:01
31/8/2020,9:05:01
31/8/2020,9:05:02
31/8/2020,9:30:01
31/8/2020,16:30:01
31/8/2020,18:30:01
31/8/2020,18:30:01
31/8/2020,18:30:01
31/8/2020,20:30:01
31/8/2020,20:30:01
31/8/2020,20:30:01
31/8/2020,22:30:01
31/8/2020,22:30:01
31/8/2020,22:30:02
31/8/2020,23:00:00
